group,case_id,has_step,has_stl,step_relpath
1_neuralCAD-Edit_demo1v2_20260912_024039,easy_001,1,1,1_neuralCAD-Edit_demo1v2_20260912_024039/easy_001/tmp.step
1_neuralCAD-Edit_demo1v2_20260912_024039,easy_002,1,1,1_neuralCAD-Edit_demo1v2_20260912_024039/easy_002/tmp.step
1_neuralCAD-Edit_demo1v2_20260912_024039,easy_003,1,1,1_neuralCAD-Edit_demo1v2_20260912_024039/easy_003/tmp.step
1_neuralCAD-Edit_demo1v2_20260912_024039,easy_004,1,1,1_neuralCAD-Edit_demo1v2_20260912_024039/easy_004/tmp.step
1_neuralCAD-Edit_demo1v2_20260912_024039,easy_005,1,1,1_neuralCAD-Edit_demo1v2_20260912_024039/easy_005/tmp.step
1_neuralCAD-Edit_demo1v2_20260912_024039,easy_006,1,1,1_neuralCAD-Edit_demo1v2_20260912_024039/easy_006/tmp.step
1_neuralCAD-Edit_demo1v2_20260912_024039,easy_007,1,1,1_neuralCAD-Edit_demo1v2_20260912_024039/easy_007/tmp.step
1_neuralCAD-Edit_demo1v2_20260912_024039,easy_008,0,0,
1_neuralCAD-Edit_demo1v2_20260912_024039,easy_009,1,1,1_neuralCAD-Edit_demo1v2_20260912_024039/easy_009/tmp.step
1_neuralCAD-Edit_demo1v2_20260912_024039,easy_010,0,0,
1_neuralCAD-Edit_demo1v2_20260912_024039,easy_011,1,1,1_neuralCAD-Edit_demo1v2_20260912_024039/easy_011/tmp.step
1_neuralCAD-Edit_demo1v2_20260912_024039,easy_012,1,1,1_neuralCAD-Edit_demo1v2_20260912_024039/easy_012/tmp.step
1_neuralCAD-Edit_demo1v2_20260912_024039,easy_013,1,1,1_neuralCAD-Edit_demo1v2_20260912_024039/easy_013/tmp.step
1_neuralCAD-Edit_demo1v2_20260912_024039,easy_014,0,0,
1_neuralCAD-Edit_demo1v2_20260912_024039,easy_015,1,1,1_neuralCAD-Edit_demo1v2_20260912_024039/easy_015/tmp.step
1_neuralCAD-Edit_demo1v2_20260912_024039,easy_016,1,1,1_neuralCAD-Edit_demo1v2_20260912_024039/easy_016/tmp.step
1_neuralCAD-Edit_demo1v2_20260912_024039,hard_001,1,1,1_neuralCAD-Edit_demo1v2_20260912_024039/hard_001/tmp.step
1_neuralCAD-Edit_demo1v2_20260912_024039,hard_002,1,1,1_neuralCAD-Edit_demo1v2_20260912_024039/hard_002/tmp.step
1_neuralCAD-Edit_demo1v2_20260912_024039,hard_003,1,1,1_neuralCAD-Edit_demo1v2_20260912_024039/hard_003/tmp.step
1_neuralCAD-Edit_demo1v2_20260912_024039,hard_004,1,1,1_neuralCAD-Edit_demo1v2_20260912_024039/hard_004/tmp.step
1_neuralCAD-Edit_demo1v2_20260912_024039,hard_005,1,1,1_neuralCAD-Edit_demo1v2_20260912_024039/hard_005/tmp.step
1_neuralCAD-Edit_demo1v2_20260912_024039,hard_006,1,1,1_neuralCAD-Edit_demo1v2_20260912_024039/hard_006/tmp.step
1_neuralCAD-Edit_demo1v2_20260912_024039,hard_007,1,1,1_neuralCAD-Edit_demo1v2_20260912_024039/hard_007/tmp.step
1_neuralCAD-Edit_demo1v2_20260912_024039,hard_008,0,0,
1_neuralCAD-Edit_demo1v2_20260912_024039,hard_009,1,1,1_neuralCAD-Edit_demo1v2_20260912_024039/hard_009/tmp.step
1_neuralCAD-Edit_demo1v2_20260912_024039,hard_010,0,0,
1_neuralCAD-Edit_demo1v2_20260912_024039,hard_011,1,1,1_neuralCAD-Edit_demo1v2_20260912_024039/hard_011/tmp.step
1_neuralCAD-Edit_demo1v2_20260912_024039,hard_012,1,1,1_neuralCAD-Edit_demo1v2_20260912_024039/hard_012/tmp.step
1_neuralCAD-Edit_demo1v2_20260912_024039,hard_013,1,1,1_neuralCAD-Edit_demo1v2_20260912_024039/hard_013/tmp.step
1_neuralCAD-Edit_demo1v2_20260912_024039,hard_014,1,1,1_neuralCAD-Edit_demo1v2_20260912_024039/hard_014/tmp.step
1_neuralCAD-Edit_demo1v2_20260912_024039,hard_015,0,0,
1_neuralCAD-Edit_demo1v2_20260912_024039,hard_016,1,1,1_neuralCAD-Edit_demo1v2_20260912_024039/hard_016/tmp.step
1_neuralCAD-Edit_demo1v2_20260912_024039,medium_001,1,1,1_neuralCAD-Edit_demo1v2_20260912_024039/medium_001/tmp.step
1_neuralCAD-Edit_demo1v2_20260912_024039,medium_002,1,1,1_neuralCAD-Edit_demo1v2_20260912_024039/medium_002/tmp.step
1_neuralCAD-Edit_demo1v2_20260912_024039,medium_003,1,1,1_neuralCAD-Edit_demo1v2_20260912_024039/medium_003/tmp.step
1_neuralCAD-Edit_demo1v2_20260912_024039,medium_004,1,1,1_neuralCAD-Edit_demo1v2_20260912_024039/medium_004/tmp.step
1_neuralCAD-Edit_demo1v2_20260912_024039,medium_005,1,1,1_neuralCAD-Edit_demo1v2_20260912_024039/medium_005/tmp.step
1_neuralCAD-Edit_demo1v2_20260912_024039,medium_006,1,1,1_neuralCAD-Edit_demo1v2_20260912_024039/medium_006/tmp.step
1_neuralCAD-Edit_demo1v2_20260912_024039,medium_007,1,1,1_neuralCAD-Edit_demo1v2_20260912_024039/medium_007/tmp.step
1_neuralCAD-Edit_demo1v2_20260912_024039,medium_008,0,0,
1_neuralCAD-Edit_demo1v2_20260912_024039,medium_009,1,1,1_neuralCAD-Edit_demo1v2_20260912_024039/medium_009/tmp.step
1_neuralCAD-Edit_demo1v2_20260912_024039,medium_010,0,0,
1_neuralCAD-Edit_demo1v2_20260912_024039,medium_011,1,1,1_neuralCAD-Edit_demo1v2_20260912_024039/medium_011/tmp.step
1_neuralCAD-Edit_demo1v2_20260912_024039,medium_012,1,1,1_neuralCAD-Edit_demo1v2_20260912_024039/medium_012/tmp.step
1_neuralCAD-Edit_demo1v2_20260912_024039,medium_013,1,1,1_neuralCAD-Edit_demo1v2_20260912_024039/medium_013/tmp.step
1_neuralCAD-Edit_demo1v2_20260912_024039,medium_014,1,1,1_neuralCAD-Edit_demo1v2_20260912_024039/medium_014/tmp.step
1_neuralCAD-Edit_demo1v2_20260912_024039,medium_015,0,0,
1_neuralCAD-Edit_demo1v2_20260912_024039,medium_016,1,1,1_neuralCAD-Edit_demo1v2_20260912_024039/medium_016/tmp.step
2_visual_hypotheses_demo2_20260911_133500,easy_001,1,1,2_visual_hypotheses_demo2_20260911_133500/easy_001/tmp.step
2_visual_hypotheses_demo2_20260911_133500,easy_002,1,1,2_visual_hypotheses_demo2_20260911_133500/easy_002/tmp.step
2_visual_hypotheses_demo2_20260911_133500,easy_003,1,1,2_visual_hypotheses_demo2_20260911_133500/easy_003/tmp.step
2_visual_hypotheses_demo2_20260911_133500,easy_004,1,1,2_visual_hypotheses_demo2_20260911_133500/easy_004/tmp.step
2_visual_hypotheses_demo2_20260911_133500,easy_005,1,1,2_visual_hypotheses_demo2_20260911_133500/easy_005/tmp.step
2_visual_hypotheses_demo2_20260911_133500,easy_006,1,1,2_visual_hypotheses_demo2_20260911_133500/easy_006/tmp.step
2_visual_hypotheses_demo2_20260911_133500,easy_007,1,1,2_visual_hypotheses_demo2_20260911_133500/easy_007/tmp.step
2_visual_hypotheses_demo2_20260911_133500,easy_008,0,0,
2_visual_hypotheses_demo2_20260911_133500,easy_009,1,1,2_visual_hypotheses_demo2_20260911_133500/easy_009/tmp.step
2_visual_hypotheses_demo2_20260911_133500,easy_010,0,0,
2_visual_hypotheses_demo2_20260911_133500,easy_011,1,1,2_visual_hypotheses_demo2_20260911_133500/easy_011/tmp.step
2_visual_hypotheses_demo2_20260911_133500,easy_012,1,1,2_visual_hypotheses_demo2_20260911_133500/easy_012/tmp.step
2_visual_hypotheses_demo2_20260911_133500,easy_013,1,1,2_visual_hypotheses_demo2_20260911_133500/easy_013/tmp.step
2_visual_hypotheses_demo2_20260911_133500,easy_014,1,1,2_visual_hypotheses_demo2_20260911_133500/easy_014/tmp.step
2_visual_hypotheses_demo2_20260911_133500,easy_015,1,1,2_visual_hypotheses_demo2_20260911_133500/easy_015/tmp.step
2_visual_hypotheses_demo2_20260911_133500,easy_016,1,1,2_visual_hypotheses_demo2_20260911_133500/easy_016/tmp.step
2_visual_hypotheses_demo2_20260911_133500,hard_001,1,1,2_visual_hypotheses_demo2_20260911_133500/hard_001/tmp.step
2_visual_hypotheses_demo2_20260911_133500,hard_002,1,1,2_visual_hypotheses_demo2_20260911_133500/hard_002/tmp.step
2_visual_hypotheses_demo2_20260911_133500,hard_003,1,1,2_visual_hypotheses_demo2_20260911_133500/hard_003/tmp.step
2_visual_hypotheses_demo2_20260911_133500,hard_004,1,1,2_visual_hypotheses_demo2_20260911_133500/hard_004/tmp.step
2_visual_hypotheses_demo2_20260911_133500,hard_005,1,1,2_visual_hypotheses_demo2_20260911_133500/hard_005/tmp.step
2_visual_hypotheses_demo2_20260911_133500,hard_006,1,1,2_visual_hypotheses_demo2_20260911_133500/hard_006/tmp.step
2_visual_hypotheses_demo2_20260911_133500,hard_007,1,1,2_visual_hypotheses_demo2_20260911_133500/hard_007/tmp.step
2_visual_hypotheses_demo2_20260911_133500,hard_008,0,0,
2_visual_hypotheses_demo2_20260911_133500,hard_009,1,1,2_visual_hypotheses_demo2_20260911_133500/hard_009/tmp.step
2_visual_hypotheses_demo2_20260911_133500,hard_010,1,1,2_visual_hypotheses_demo2_20260911_133500/hard_010/tmp.step
2_visual_hypotheses_demo2_20260911_133500,hard_011,1,1,2_visual_hypotheses_demo2_20260911_133500/hard_011/tmp.step
2_visual_hypotheses_demo2_20260911_133500,hard_012,1,1,2_visual_hypotheses_demo2_20260911_133500/hard_012/tmp.step
2_visual_hypotheses_demo2_20260911_133500,hard_013,1,1,2_visual_hypotheses_demo2_20260911_133500/hard_013/tmp.step
2_visual_hypotheses_demo2_20260911_133500,hard_014,1,1,2_visual_hypotheses_demo2_20260911_133500/hard_014/tmp.step
2_visual_hypotheses_demo2_20260911_133500,hard_015,1,1,2_visual_hypotheses_demo2_20260911_133500/hard_015/tmp.step
2_visual_hypotheses_demo2_20260911_133500,hard_016,1,1,2_visual_hypotheses_demo2_20260911_133500/hard_016/tmp.step
2_visual_hypotheses_demo2_20260911_133500,medium_001,1,1,2_visual_hypotheses_demo2_20260911_133500/medium_001/tmp.step
2_visual_hypotheses_demo2_20260911_133500,medium_002,1,1,2_visual_hypotheses_demo2_20260911_133500/medium_002/tmp.step
2_visual_hypotheses_demo2_20260911_133500,medium_003,1,1,2_visual_hypotheses_demo2_20260911_133500/medium_003/tmp.step
2_visual_hypotheses_demo2_20260911_133500,medium_004,1,1,2_visual_hypotheses_demo2_20260911_133500/medium_004/tmp.step
2_visual_hypotheses_demo2_20260911_133500,medium_005,1,1,2_visual_hypotheses_demo2_20260911_133500/medium_005/tmp.step
2_visual_hypotheses_demo2_20260911_133500,medium_006,1,1,2_visual_hypotheses_demo2_20260911_133500/medium_006/tmp.step
2_visual_hypotheses_demo2_20260911_133500,medium_007,1,1,2_visual_hypotheses_demo2_20260911_133500/medium_007/tmp.step
2_visual_hypotheses_demo2_20260911_133500,medium_008,1,1,2_visual_hypotheses_demo2_20260911_133500/medium_008/tmp.step
2_visual_hypotheses_demo2_20260911_133500,medium_009,1,0,2_visual_hypotheses_demo2_20260911_133500/medium_009/tmp.step
2_visual_hypotheses_demo2_20260911_133500,medium_010,0,0,
2_visual_hypotheses_demo2_20260911_133500,medium_011,1,1,2_visual_hypotheses_demo2_20260911_133500/medium_011/tmp.step
2_visual_hypotheses_demo2_20260911_133500,medium_012,1,1,2_visual_hypotheses_demo2_20260911_133500/medium_012/tmp.step
2_visual_hypotheses_demo2_20260911_133500,medium_013,1,1,2_visual_hypotheses_demo2_20260911_133500/medium_013/tmp.step
2_visual_hypotheses_demo2_20260911_133500,medium_014,1,1,2_visual_hypotheses_demo2_20260911_133500/medium_014/tmp.step
2_visual_hypotheses_demo2_20260911_133500,medium_015,1,1,2_visual_hypotheses_demo2_20260911_133500/medium_015/tmp.step
2_visual_hypotheses_demo2_20260911_133500,medium_016,1,1,2_visual_hypotheses_demo2_20260911_133500/medium_016/tmp.step
3_intent_aware_editing_demo1_20260910_141433,easy_001,1,1,3_intent_aware_editing_demo1_20260910_141433/easy_001/06_output/output.step
3_intent_aware_editing_demo1_20260910_141433,easy_002,1,1,3_intent_aware_editing_demo1_20260910_141433/easy_002/06_output/output.step
3_intent_aware_editing_demo1_20260910_141433,easy_003,1,1,3_intent_aware_editing_demo1_20260910_141433/easy_003/06_output/output.step
3_intent_aware_editing_demo1_20260910_141433,easy_004,1,1,3_intent_aware_editing_demo1_20260910_141433/easy_004/06_output/output.step
3_intent_aware_editing_demo1_20260910_141433,easy_005,1,1,3_intent_aware_editing_demo1_20260910_141433/easy_005/06_output/output.step
3_intent_aware_editing_demo1_20260910_141433,easy_006,1,1,3_intent_aware_editing_demo1_20260910_141433/easy_006/06_output/output.step
3_intent_aware_editing_demo1_20260910_141433,easy_007,1,1,3_intent_aware_editing_demo1_20260910_141433/easy_007/06_output/output.step
3_intent_aware_editing_demo1_20260910_141433,easy_008,0,0,
3_intent_aware_editing_demo1_20260910_141433,easy_009,1,1,3_intent_aware_editing_demo1_20260910_141433/easy_009/06_output/output.step
3_intent_aware_editing_demo1_20260910_141433,easy_010,1,1,3_intent_aware_editing_demo1_20260910_141433/easy_010/06_output/output.step
3_intent_aware_editing_demo1_20260910_141433,easy_011,0,0,
3_intent_aware_editing_demo1_20260910_141433,easy_012,1,1,3_intent_aware_editing_demo1_20260910_141433/easy_012/06_output/output.step
3_intent_aware_editing_demo1_20260910_141433,easy_013,0,0,
3_intent_aware_editing_demo1_20260910_141433,easy_014,1,1,3_intent_aware_editing_demo1_20260910_141433/easy_014/06_output/output.step
3_intent_aware_editing_demo1_20260910_141433,easy_015,1,1,3_intent_aware_editing_demo1_20260910_141433/easy_015/06_output/output.step
3_intent_aware_editing_demo1_20260910_141433,easy_016,1,1,3_intent_aware_editing_demo1_20260910_141433/easy_016/06_output/output.step
3_intent_aware_editing_demo1_20260910_141433,hard_001,1,1,3_intent_aware_editing_demo1_20260910_141433/hard_001/06_output/output.step
3_intent_aware_editing_demo1_20260910_141433,hard_002,1,1,3_intent_aware_editing_demo1_20260910_141433/hard_002/06_output/output.step
3_intent_aware_editing_demo1_20260910_141433,hard_003,1,1,3_intent_aware_editing_demo1_20260910_141433/hard_003/06_output/output.step
3_intent_aware_editing_demo1_20260910_141433,hard_004,1,1,3_intent_aware_editing_demo1_20260910_141433/hard_004/06_output/output.step
3_intent_aware_editing_demo1_20260910_141433,hard_005,1,1,3_intent_aware_editing_demo1_20260910_141433/hard_005/06_output/output.step
3_intent_aware_editing_demo1_20260910_141433,hard_006,1,1,3_intent_aware_editing_demo1_20260910_141433/hard_006/06_output/output.step
3_intent_aware_editing_demo1_20260910_141433,hard_007,1,1,3_intent_aware_editing_demo1_20260910_141433/hard_007/06_output/output.step
3_intent_aware_editing_demo1_20260910_141433,hard_008,0,0,
3_intent_aware_editing_demo1_20260910_141433,hard_009,1,1,3_intent_aware_editing_demo1_20260910_141433/hard_009/06_output/output.step
3_intent_aware_editing_demo1_20260910_141433,hard_010,1,1,3_intent_aware_editing_demo1_20260910_141433/hard_010/06_output/output.step
3_intent_aware_editing_demo1_20260910_141433,hard_011,1,1,3_intent_aware_editing_demo1_20260910_141433/hard_011/06_output/output.step
3_intent_aware_editing_demo1_20260910_141433,hard_012,0,0,
3_intent_aware_editing_demo1_20260910_141433,hard_013,0,0,
3_intent_aware_editing_demo1_20260910_141433,hard_014,1,1,3_intent_aware_editing_demo1_20260910_141433/hard_014/06_output/output.step
3_intent_aware_editing_demo1_20260910_141433,hard_015,1,1,3_intent_aware_editing_demo1_20260910_141433/hard_015/06_output/output.step
3_intent_aware_editing_demo1_20260910_141433,hard_016,1,1,3_intent_aware_editing_demo1_20260910_141433/hard_016/06_output/output.step
3_intent_aware_editing_demo1_20260910_141433,medium_001,1,1,3_intent_aware_editing_demo1_20260910_141433/medium_001/06_output/output.step
3_intent_aware_editing_demo1_20260910_141433,medium_002,1,1,3_intent_aware_editing_demo1_20260910_141433/medium_002/06_output/output.step
3_intent_aware_editing_demo1_20260910_141433,medium_003,1,1,3_intent_aware_editing_demo1_20260910_141433/medium_003/06_output/output.step
3_intent_aware_editing_demo1_20260910_141433,medium_004,1,1,3_intent_aware_editing_demo1_20260910_141433/medium_004/06_output/output.step
3_intent_aware_editing_demo1_20260910_141433,medium_005,1,1,3_intent_aware_editing_demo1_20260910_141433/medium_005/06_output/output.step
3_intent_aware_editing_demo1_20260910_141433,medium_006,1,1,3_intent_aware_editing_demo1_20260910_141433/medium_006/06_output/output.step
3_intent_aware_editing_demo1_20260910_141433,medium_007,1,1,3_intent_aware_editing_demo1_20260910_141433/medium_007/06_output/output.step
3_intent_aware_editing_demo1_20260910_141433,medium_008,1,1,3_intent_aware_editing_demo1_20260910_141433/medium_008/06_output/output.step
3_intent_aware_editing_demo1_20260910_141433,medium_009,1,1,3_intent_aware_editing_demo1_20260910_141433/medium_009/06_output/output.step
3_intent_aware_editing_demo1_20260910_141433,medium_010,1,1,3_intent_aware_editing_demo1_20260910_141433/medium_010/06_output/output.step
3_intent_aware_editing_demo1_20260910_141433,medium_011,1,1,3_intent_aware_editing_demo1_20260910_141433/medium_011/06_output/output.step
3_intent_aware_editing_demo1_20260910_141433,medium_012,1,1,3_intent_aware_editing_demo1_20260910_141433/medium_012/06_output/output.step
3_intent_aware_editing_demo1_20260910_141433,medium_013,1,1,3_intent_aware_editing_demo1_20260910_141433/medium_013/06_output/output.step
3_intent_aware_editing_demo1_20260910_141433,medium_014,1,1,3_intent_aware_editing_demo1_20260910_141433/medium_014/06_output/output.step
3_intent_aware_editing_demo1_20260910_141433,medium_015,1,1,3_intent_aware_editing_demo1_20260910_141433/medium_015/06_output/output.step
3_intent_aware_editing_demo1_20260910_141433,medium_016,1,1,3_intent_aware_editing_demo1_20260910_141433/medium_016/06_output/output.step
4_DIA-CAD_demo4_20260911_040259,easy_001,1,1,4_DIA-CAD_demo4_20260911_040259/easy_001/06_output/output.step
4_DIA-CAD_demo4_20260911_040259,easy_002,1,1,4_DIA-CAD_demo4_20260911_040259/easy_002/06_output/output.step
4_DIA-CAD_demo4_20260911_040259,easy_003,1,1,4_DIA-CAD_demo4_20260911_040259/easy_003/06_output/output.step
4_DIA-CAD_demo4_20260911_040259,easy_004,1,1,4_DIA-CAD_demo4_20260911_040259/easy_004/06_output/output.step
4_DIA-CAD_demo4_20260911_040259,easy_005,1,1,4_DIA-CAD_demo4_20260911_040259/easy_005/06_output/output.step
4_DIA-CAD_demo4_20260911_040259,easy_006,1,1,4_DIA-CAD_demo4_20260911_040259/easy_006/06_output/output.step
4_DIA-CAD_demo4_20260911_040259,easy_007,1,1,4_DIA-CAD_demo4_20260911_040259/easy_007/06_output/output.step
4_DIA-CAD_demo4_20260911_040259,easy_008,1,1,4_DIA-CAD_demo4_20260911_040259/easy_008/06_output/output.step
4_DIA-CAD_demo4_20260911_040259,easy_009,1,1,4_DIA-CAD_demo4_20260911_040259/easy_009/06_output/output.step
4_DIA-CAD_demo4_20260911_040259,easy_010,1,1,4_DIA-CAD_demo4_20260911_040259/easy_010/06_output/output.step
4_DIA-CAD_demo4_20260911_040259,easy_011,0,0,
4_DIA-CAD_demo4_20260911_040259,easy_012,1,1,4_DIA-CAD_demo4_20260911_040259/easy_012/06_output/output.step
4_DIA-CAD_demo4_20260911_040259,easy_013,1,1,4_DIA-CAD_demo4_20260911_040259/easy_013/06_output/output.step
4_DIA-CAD_demo4_20260911_040259,easy_014,1,1,4_DIA-CAD_demo4_20260911_040259/easy_014/06_output/output.step
4_DIA-CAD_demo4_20260911_040259,easy_015,1,1,4_DIA-CAD_demo4_20260911_040259/easy_015/06_output/output.step
4_DIA-CAD_demo4_20260911_040259,easy_016,1,1,4_DIA-CAD_demo4_20260911_040259/easy_016/06_output/output.step
4_DIA-CAD_demo4_20260911_040259,hard_001,1,1,4_DIA-CAD_demo4_20260911_040259/hard_001/06_output/output.step
4_DIA-CAD_demo4_20260911_040259,hard_002,1,1,4_DIA-CAD_demo4_20260911_040259/hard_002/06_output/output.step
4_DIA-CAD_demo4_20260911_040259,hard_003,1,1,4_DIA-CAD_demo4_20260911_040259/hard_003/06_output/output.step
4_DIA-CAD_demo4_20260911_040259,hard_004,1,1,4_DIA-CAD_demo4_20260911_040259/hard_004/06_output/output.step
4_DIA-CAD_demo4_20260911_040259,hard_005,1,1,4_DIA-CAD_demo4_20260911_040259/hard_005/06_output/output.step
4_DIA-CAD_demo4_20260911_040259,hard_006,1,1,4_DIA-CAD_demo4_20260911_040259/hard_006/06_output/output.step
4_DIA-CAD_demo4_20260911_040259,hard_007,1,1,4_DIA-CAD_demo4_20260911_040259/hard_007/06_output/output.step
4_DIA-CAD_demo4_20260911_040259,hard_008,1,1,4_DIA-CAD_demo4_20260911_040259/hard_008/06_output/output.step
4_DIA-CAD_demo4_20260911_040259,hard_009,1,1,4_DIA-CAD_demo4_20260911_040259/hard_009/06_output/output.step
4_DIA-CAD_demo4_20260911_040259,hard_010,1,1,4_DIA-CAD_demo4_20260911_040259/hard_010/06_output/output.step
4_DIA-CAD_demo4_20260911_040259,hard_011,1,1,4_DIA-CAD_demo4_20260911_040259/hard_011/06_output/output.step
4_DIA-CAD_demo4_20260911_040259,hard_012,0,0,
4_DIA-CAD_demo4_20260911_040259,hard_013,1,1,4_DIA-CAD_demo4_20260911_040259/hard_013/06_output/output.step
4_DIA-CAD_demo4_20260911_040259,hard_014,1,1,4_DIA-CAD_demo4_20260911_040259/hard_014/06_output/output.step
4_DIA-CAD_demo4_20260911_040259,hard_015,1,1,4_DIA-CAD_demo4_20260911_040259/hard_015/06_output/output.step
4_DIA-CAD_demo4_20260911_040259,hard_016,1,1,4_DIA-CAD_demo4_20260911_040259/hard_016/06_output/output.step
4_DIA-CAD_demo4_20260911_040259,medium_001,1,1,4_DIA-CAD_demo4_20260911_040259/medium_001/06_output/output.step
4_DIA-CAD_demo4_20260911_040259,medium_002,1,1,4_DIA-CAD_demo4_20260911_040259/medium_002/06_output/output.step
4_DIA-CAD_demo4_20260911_040259,medium_003,1,1,4_DIA-CAD_demo4_20260911_040259/medium_003/06_output/output.step
4_DIA-CAD_demo4_20260911_040259,medium_004,1,1,4_DIA-CAD_demo4_20260911_040259/medium_004/06_output/output.step
4_DIA-CAD_demo4_20260911_040259,medium_005,1,1,4_DIA-CAD_demo4_20260911_040259/medium_005/06_output/output.step
4_DIA-CAD_demo4_20260911_040259,medium_006,1,1,4_DIA-CAD_demo4_20260911_040259/medium_006/06_output/output.step
4_DIA-CAD_demo4_20260911_040259,medium_007,1,1,4_DIA-CAD_demo4_20260911_040259/medium_007/06_output/output.step
4_DIA-CAD_demo4_20260911_040259,medium_008,1,1,4_DIA-CAD_demo4_20260911_040259/medium_008/06_output/output.step
4_DIA-CAD_demo4_20260911_040259,medium_009,1,1,4_DIA-CAD_demo4_20260911_040259/medium_009/06_output/output.step
4_DIA-CAD_demo4_20260911_040259,medium_010,1,1,4_DIA-CAD_demo4_20260911_040259/medium_010/06_output/output.step
4_DIA-CAD_demo4_20260911_040259,medium_011,1,1,4_DIA-CAD_demo4_20260911_040259/medium_011/06_output/output.step
4_DIA-CAD_demo4_20260911_040259,medium_012,1,1,4_DIA-CAD_demo4_20260911_040259/medium_012/06_output/output.step
4_DIA-CAD_demo4_20260911_040259,medium_013,1,1,4_DIA-CAD_demo4_20260911_040259/medium_013/06_output/output.step
4_DIA-CAD_demo4_20260911_040259,medium_014,1,1,4_DIA-CAD_demo4_20260911_040259/medium_014/06_output/output.step
4_DIA-CAD_demo4_20260911_040259,medium_015,1,1,4_DIA-CAD_demo4_20260911_040259/medium_015/06_output/output.step
4_DIA-CAD_demo4_20260911_040259,medium_016,1,1,4_DIA-CAD_demo4_20260911_040259/medium_016/06_output/output.step
